{
   "setspec":{
      "clusters":[
         {
            "stims":[
               {
                  "response":{
                     "correctResponse":"Rehearsing the information by testing whether you can recall it.",
                     "incorrectResponses":[
                        "Rereading the learning materials.",
                        "Highlighting the most important information in the learning materials.",
                        "Summarizing what you learned after reading the learning materials.",
                        "I don't know."
                     ]
                  },
                  "display":{
                     "text":"Which one of the following learning strategies does research suggest is more effective for improving learning?"
                  }
               }
            ]
         },
         {
            "stims":[
               {
                  "response":{
                     "correctResponse":"It shows that learning is more effective when it is spread out over a period of time instead of crammed before a test.",
                     "incorrectResponses":[
                        "It shows that learning is more effective when you study the material once every two months leading up to a test.",
                        "It shows that learning is more effective when you cram before a test versus spacing out the material over several weeks/months.",
                        "It shows that learning is more effective when your environment is spacious.",
                        "I don't know."
                     ]
                  },
                  "display":{
                     "text":"What is the spacing effect?"
                  }
               }
            ]
         },
         {
            "stims":[
               {
                  "response":{
                     "correctResponse":"It’s when you are trying to explain new information to yourself and make sense of the content.",
                     "incorrectResponses":[
                        "It’s when you work out a math problem in front of a classroom full of peers.",
                        "It’s when you repeatedly review tests you’ve already taken.",
                        "It’s when you attend a tutoring session, and they explain the concept to you.",
                        "I don't know."
                     ]
                  },
                  "display":{
                     "text":"What is self-explanation?"
                  }
               }
            ]
         },
         {
            "stims":[
               {
                  "response":{
                     "correctResponse":"It is when students take charge of their learning and monitor their progress throughout the learning process.",
                     "incorrectResponses":[
                        "It is when students regulate their peer’s learning and monitor their performance to give them tips for improvement.",
                        "It is when students ask their teacher how they learn best and use that learning strategy.",
                        "It is when students plan how to learn a lot of information several days before a test.",
                        "I don't know."
                     ]
                  },
                  "display":{
                     "text":"What is self-regulated learning?"
                  }
               }
            ]
         },
         {
            "stims":[
               {
                  "response":{
                     "correctResponse":"long-term.",
                     "incorrectResponses":[
                        "achievable.",
                        "relevant.",
                        "specific",
                        "I don't know."
                     ]
                  },
                  "display":{
                     "text":"Which of the following is NOT an important characteristic of a subgoal?"
                  }
               }
            ]
         },
         {
            "stims":[
               {
                  "response":{
                     "correctResponse":"Thinking about what you don’t know and adapting your learning to better understand it.",
                     "incorrectResponses":[
                        "Watching other students perform a learning task and following what they do.",
                        "Rereading textbook passages on all of the important topics.",
                        "Rereading missed questions and answer choices until you memorize the correct answer.",
                        "I don't know."
                     ]
                  },
                  "display":{
                     "text":"What does monitoring your learning effectively mean?"
                  }
               }
            ]
         },
         {
            "stims":[
               {
                  "response":{
                     "correctResponse":"It helps you to combine indulging and dwelling into forming your goals so that you can pursue them.",
                     "incorrectResponses":[
                        "It helps you turn the behaviors you want to use to reach your goals into habits.",
                        "It helps you think too much about how good it would feel to achieve that goal.",
                        "It helps you dwell on all the obstacles that will prevent you from reaching your goal.",
                        "I don't know."
                     ]
                  },
                  "display":{
                     "text":"Which of the following BEST defines what mental contrasting helps you do?"
                  }
               }
            ]
         },
         {
            "stims":[
               {
                  "response":{
                     "correctResponse":"They should be specific so that you can address each obstacle.",
                     "incorrectResponses":[
                        "They should address all possible obstacles in the way of achieving your goal.",
                        "They should be vague so that you can adapt your implementation intentions.",
                        "You should only create one implementation intention.",
                        "I don't know."
                     ]
                  },
                  "display":{
                     "text":"What characteristics should implementation intentions have?"
                  }
               }
            ]
         },
         {
            "stims":[
               {
                  "response":{
                     "correctResponse":"Having as few distractions as possible to study in a quiet environment.",
                     "incorrectResponses":[
                        "Having just one distraction, such as your phone, out so that you can easily take a break when your brain needs it.",
                        "Listening to music while reading textbook passages so that you can make studying more melodic.",
                        "Studying with peers who are all studying different things so you can discuss what each of you are learning.",
                        "I don't know."
                     ]
                  },
                  "display":{
                     "text":"What is an ideal environment for studying?"
                  }
               }
            ]
         },
         {
            "stims":[
               {
                  "response":{
                     "correctResponse":"It helps students space out their studying for several weeks before an exam.",
                     "incorrectResponses":[
                        "It helps emphasize retrieval practice and bring back information you already know.",
                        "It helps students remember key information for a longer period of time.",
                        "It helps with future learning."
                     ]
                  },
                  "display":{
                     "text":"Which of the following is not a reason self-testing is a useful learning strategy?"
                  }
               }
            ]
         },
         {
            "stims":[
               {
                  "response":{
                     "correctResponse":"Using flashcards with terms on one side and definitions on the other side to test what you learned after class.",
                     "incorrectResponses":[
                        "Re-reading textbook chapters to test whether you understood everything the first time.",
                        "Highlighting key words in the learning materials that might be on the test.",
                        "Taking notes during class about the important information that will likely be on the test."
                     ]
                  },
                  "display":{
                     "text":"What is one way you can use self-testing to help you study this semester?"
                  }
               }
            ]
         },
         {
            "stims":[
               {
                  "response":{
                     "correctResponse":"Distributing the studying and restudying the same content over a long period of time.",
                     "incorrectResponses":[
                        "Massing the studying and restudying the same content over a short period of time.",
                        "Distributing the studying and restudying the same content over a short period of time.",
                        "None of these."
                     ]
                  },
                  "display":{
                     "text":"Assuming you spend an equal amount of study time on each strategy, which of the following does research suggest is more effective for learning?"
                  }
               }
            ]
         },
         {
            "stims":[
               {
                  "response":{
                     "correctResponse":"James used online quizlets to test what he learned several times a week for the three weeks leading up to the exam, and only twice during the week of the exam.",
                     "incorrectResponses":[
                        "Rachel re-read the chapters that are going to be on the exam one week before the exam and is using flashcards to test herself the morning before the exam.",
                        "Louis answered the practice test questions included after each chapter in the book, one day before the exam.",
                        "None of these students are effectively combining the self-testing and spacing strategies."
                     ]
                  },
                  "display":{
                     "text":"Which of the following students is successfully combining the self-testing and spacing strategies?"
                  }
               }
            ]
         },
         {
            "stims":[
               {
                  "response":{
                     "correctResponse":"It elaborates the meaning of new information.",
                     "incorrectResponses":[
                        "It strengthens the recall of pieces of knowledge.",
                        "It creates and strengthens connections between concepts in memory.",
                        "It re-organizes the information in new ways."
                     ]
                  },
                  "display":{
                     "text":"Which of the following is not one way that self-explanation helps you relate new information to prior knowledge?"
                  }
               }
            ]
         },
         {
            "stims":[
               {
                  "response":{
                     "correctResponse":"Integrate knowledge from multiple sources",
                     "incorrectResponses":[
                        "Self-testing",
                        "The spacing effect",
                        "Self-explanation"
                     ]
                  },
                  "display":{
                     "text":"If you have little prior knowledge of a topic, self-explanation can help identify the gaps in that knowledge and then you can use what strategy to fill those gaps in?"
                  }
               }
            ]
         },
         {
            "stims":[
               {
                  "response":{
                     "correctResponse":"Define the task, Make a plan, Execute the plan with strategies, Monitor and adapt.",
                     "incorrectResponses":[
                        "Define the task, Execute a plan with strategies, Make a plan, Monitor and adapt.",
                        "Make a plan, Execute the plan with strategies, Define the task, Monitor and adapt.",
                        "Make a plan, Execute the plan with strategies, Monitor and adapt, Define the task."
                     ]
                  },
                  "display":{
                     "text":"Which of the following list all the stages of self-regulated learning in the order in which they occur?"
                  }
               }
            ]
         },
         {
            "stims":[
               {
                  "response":{
                     "correctResponse":"Self-Explanation",
                     "incorrectResponses":[
                        "Spacing",
                        "Re-reading"
                     ]
                  },
                  "display":{
                     "text":"Name the best strategy Emily could have used to develop the level of understanding needed to answer the question about comparing vertebrates and invertebrates."
                  }
               }
            ]
         },
         {
            "stims":[
               {
                  "response":{
                     "correctResponse":"They are like a study guide where the verb gives you the type of question that the instructor will ask.",
                     "incorrectResponses":[
                        "They should be studied verbatim because the instructor will ask you a question about what the learning objective said.",
                        "They aren’t important to study and you should ignore them.",
                        "They help give you a brief overview of the course concepts so you can gauge the difficulty of the course."
                     ]
                  },
                  "display":{
                     "text":"Why are learning objectives important to study?"
                  }
               }
            ]
         },
         {
            "stims":[
               {
                  "response":{
                     "correctResponse":"Knowledge Level",
                     "incorrectResponses":[
                        "Comprehension Level",
                        "Analysis Level"
                     ]
                  },
                  "display":{
                     "text":"Consider the learning objective, \\“Recite the limit definition of derivative.\\” What level of understanding does this learning objective suggest you would need to achieve?"
                  }
               }
            ]
         },
         {
            "stims":[
               {
                  "response":{
                     "correctResponse":"Comprehension Level; Self-Explanation",
                     "incorrectResponses":[
                        "Knowledge Level, Spacing",
                        "Comprehension Level, Spacing",
                        "Analysis Level, Self-Testing",
                        "Analysis Level, Self-Explanation"
                     ]
                  },
                  "display":{
                     "text":"Now let's try it with a different subject. Consider the learning objective, \\“Develop and explain a simple decision matrix to a design problem.\\” What level of understanding does this learning objective suggest you would need to achieve? What strategy could you use to develop this level of understanding?"
                  }
               }
            ]
         },
         {
            "stims":[
               {
                  "response":{
                     "correctResponse":"General",
                     "incorrectResponses":[
                        "Achievable",
                        "Near-term",
                        "Relevant"
                     ]
                  },
                  "display":{
                     "text":"Which of the following is not included in the four criteria to make a goal a good one?"
                  }
               }
            ]
         },
         {
            "stims":[
               {
                  "response":{
                     "correctResponse":"Adaptation after learning.",
                     "incorrectResponses":[
                        "Strategies needed to meet the goal.",
                        "Resources that can be used to employ strategies.",
                        "Criteria for determining if progress is being made."
                     ]
                  },
                  "display":{
                     "text":"Which of the following is not a key element of creating a good plan?"
                  }
               }
            ]
         },
         {
            "stims":[
               {
                  "response":{
                     "correctResponse":"While enacting strategies.",
                     "incorrectResponses":[
                        "While defining the task.",
                        "While making a plan."
                     ]
                  },
                  "display":{
                     "text":"At what stage in the self-regulated learning process should you monitor your learning?"
                  }
               }
            ]
         },
         {
            "stims":[
               {
                  "response":{
                     "correctResponse":"Answer frequent and timed monitoring prompts, like \\“Am I focusing?\\” or \\“Am I improving?\\”",
                     "incorrectResponses":[
                        "Use strategies like self-testing to make sure you are meeting the learning objective.",
                        "Use strategies like self-explanation to determine whether you fully understand the material.",
                        "Identify keywords that are related to what you learned a few hours or days after studying."
                     ]
                  },
                  "display":{
                     "text":"Which of the following is a strategy for monitoring your learning process?"
                  }
               }
            ]
         },
         {
            "stims":[
               {
                  "response":{
                     "correctResponse":"Carrie thinks about how a walk would relax her and allow her to feel healthier but then thinks about how a walk is time-consuming.",
                     "incorrectResponses":[
                        "Darryl thinks about how time consuming going on a walk everyday would be.",
                        "Blair thinks about how good a walk would feel for her mental health and to see nature.",
                        "Addy thinks about how it’s difficult to find time in her day to go on a walk but then thinks about how a walk would feel like a relaxing mental reset."
                     ]
                  },
                  "display":{
                     "text":"What student utilizes mental contrasting the best for the following goal: The student wants to go on a walk every day for 30 minutes?"
                  }
               }
            ]
         },
         {
            "stims":[
               {
                  "response":{
                     "correctResponse":"Make a plan to achieve the goal.",
                     "incorrectResponses":[
                        "Decide which you want to achieve.",
                        "Imagine what it would feel like to achieve the goal.",
                        "Imagine the obstacles that might prevent you from achieving your goal."
                     ]
                  },
                  "display":{
                     "text":"Which of the following is not one of the three steps of mental contrasting?"
                  }
               }
            ]
         },
         {
            "stims":[
               {
                  "response":{
                     "correctResponse":"Derek decides to go to the gym after he cooks a healthy meal.",
                     "incorrectResponses":[
                        "Barry decides to go to the gym whenever he has time throughout his day.",
                        "Claire can’t find a gym close to her or find time to go to the gym and make healthy meals. Because of this she creates a detailed schedule to overcome these obstacles.",
                        "Anna plans to go to the gym before her classes at 7:30 AM so that she has time in her day."
                     ]
                  },
                  "display":{
                     "text":"Which student effectively utilizes implementation intentions towards the following goal: The student wants to spend more time on their health and wellness?"
                  }
               }
            ]
         },
         {
            "stims":[
               {
                  "response":{
                     "correctResponse":"MCII consists of contrasting the imagined positive outcomes of goal achievement with the obstacles that might prevent you from achieving the goal, and formation of implementation intentions.",
                     "incorrectResponses":[
                        "MCII consists of a sustained mental focus on visualizing achieving your goals and ignoring obstacles that could interfere with the goal pursuit, and formation of implementation intentions.",
                        "MCII consists of mentally contrasting your goals with the goals imposed on you by others, and thinking positively about achieving your goals."
                     ]
                  },
                  "display":{
                     "text":"Which of these best describes the components of mental contrasting with implementation intentions (MCII)?"
                  }
               }
            ]
         },
         {
            "stims":[
               {
                  "response":{
                     "correctResponse":"Frequently checking email, text, or other media to make sure you did not miss an important message.",
                     "incorrectResponses":[
                        "Dedicated segments devoted wholly to studying.",
                        "Specific, measurable, achievable goals for study segments.",
                        "Breaks between to refresh your attention and give you opportunities to manage other tasks that might have distracted you."
                     ]
                  },
                  "display":{
                     "text":"Take a moment and think about how you should organize a one-hour study session.  Which of the following should that session NOT include?"
                  }
               }
            ]
         },
         {
            "stims":[
               {
                  "response":{
                     "correctResponse":"Danny studies for 25 minutes and then takes a break for 5 minutes and makes sure that his environment is quiet.",
                     "incorrectResponses":[
                        "Abby always plays the TV in the background while studying.",
                        "Brayden listens to music in his airpods and studies for 5 hours at a time.",
                        "Carrie studies with her friends and puts her phone next to her laptop, occasionally talking to her friends as a break."
                     ]
                  },
                  "display":{
                     "text":"Which student has implemented the best strategy for studying?"
                  }
               }
            ]
         }
      ]
   }
}