{
  "tutor": {
    "setspec": {
      "lessonname": "Adaptive Learning in Videos High School Experiment",
      "userselect": "true",
      "stimulusfile": "Adaptive Practice HS_SoL Questions.json",
      "experimentTarget": "adaptive",
      "lfparameter": ".85",
      "hintsEnabled": false,
      "tags": [
        "Experiment",
        "Video"
      ],
      "unitTemplate": [
        {
          "buttonorder": "random",
          "unitname": "Self-Testing",
          "unitinstructions": "Please watch all of the following video and answer the questions throughout the video. After submitting your answer, some feedback will appear in the middle of the screen. Please read that feedback and wait for the video to automatically continue playing. If the video does not play after the timer at the bottom of the screen runs out, please press play on the video. Hit continue at the bottom of the screen when you are finished with the video.",
          "videosession": {
            "videosource": "https://youtu.be/i1fMzQ3uoE0",
            "questions": [],
            "questiontimes": []
          },
          "deliveryparams": {
            "drill": 2000000,
            "correctprompt": 2000,
            "reviewstudy": 12000
          }
        },
        {
          "buttonorder": "random",
          "unitname": "Spacing",
          "unitinstructions": "Please watch all of the following video and answer the questions throughout the video. After submitting your answer, some feedback will appear in the middle of the screen. Please read that feedback and wait for the video to automatically continue playing. If the video does not play after the timer at the bottom of the screen runs out, please press play on the video. Hit continue at the bottom of the screen when you are finished with the video.",
          "videosession": {
            "videosource": "https://youtu.be/rTlpLnKA_8Q",
            "questions": [],
            "questiontimes": []
          },
          "deliveryparams": {
            "drill": 2000000,
            "correctprompt": 2000,
            "reviewstudy": 12000
          }
        },
        {
          "buttonorder": "random",
          "unitname": "Self-Explanation",
          "unitinstructions": "Please watch all of the following video and answer the questions throughout the video. After submitting your answer, some feedback will appear in the middle of the screen. Please read that feedback and wait for the video to automatically continue playing. If the video does not play after the timer at the bottom of the screen runs out, please press play on the video. Hit continue at the bottom of the screen when you are finished with the video.",
          "videosession": {
            "videosource": "https://youtu.be/c_y5JJEVVkk",
            "questions": [],
            "questiontimes": []
          },
          "deliveryparams": {
            "drill": 2000000,
            "correctprompt": 2000,
            "reviewstudy": 12000
          }
        },
        {
          "buttonorder": "random",
          "unitname": "Self-Regulated Learning",
          "unitinstructions": "Please watch all of the following video and answer the questions throughout the video. After submitting your answer, some feedback will appear in the middle of the screen. Please read that feedback and wait for the video to automatically continue playing. If the video does not play after the timer at the bottom of the screen runs out, please press play on the video. Hit continue at the bottom of the screen when you are finished with the video.",
          "videosession": {
            "videosource": "https://youtu.be/wYxoWJcBWsA",
            "questions": [],
            "questiontimes": []
          },
          "deliveryparams": {
            "drill": 2000000,
            "correctprompt": 2000,
            "reviewstudy": 12000
          }
        },
        {
          "buttonorder": "random",
          "unitname": "SRL and Learning Objectives",
          "unitinstructions": "Please watch all of the following video and answer the questions throughout the video. After submitting your answer, some feedback will appear in the middle of the screen. Please read that feedback and wait for the video to automatically continue playing. If the video does not play after the timer at the bottom of the screen runs out, please press play on the video. Hit continue at the bottom of the screen when you are finished with the video.",
          "videosession": {
            "videosource": "https://youtu.be/ByTBTbOG_ms",
            "questions": [],
            "questiontimes": []
          },
          "deliveryparams": {
            "drill": 2000000,
            "correctprompt": 2000,
            "reviewstudy": 12000
          }
        },
        {
          "buttonorder": "random",
          "unitname": "SRL and Learning Objectives Review",
          "unitinstructions": "Please watch all of the following video. Hit continue at the bottom of the screen when you are finished with the video.",
          "videosession": {
            "videosource": "https://youtu.be/jzJaTspV5z8",
            "questions": [],
            "questiontimes": []
          },
          "deliveryparams": {
            "drill": 2000000,
            "correctprompt": 2000,
            "reviewstudy": 12000
          }
        },
        {
          "buttonorder": "random",
          "unitname": "SRL and Goals",
          "unitinstructions": "Please watch all of the following video and answer the questions throughout the video. After submitting your answer, some feedback will appear in the middle of the screen. Please read that feedback and wait for the video to automatically continue playing. If the video does not play after the timer at the bottom of the screen runs out, please press play on the video. Hit continue at the bottom of the screen when you are finished with the video.",
          "videosession": {
            "videosource": "https://youtu.be/8Jyt9HZSe3g",
            "questions": [],
            "questiontimes": []
          },
          "deliveryparams": {
            "drill": 2000000,
            "correctprompt": 2000,
            "reviewstudy": 12000
          }
        },
        {
          "buttonorder": "random",
          "unitname": "SRL and Monitoring",
          "unitinstructions": "Please watch all of the following video and answer the questions throughout the video. After submitting your answer, some feedback will appear in the middle of the screen. Please read that feedback and wait for the video to automatically continue playing. If the video does not play after the timer at the bottom of the screen runs out, please press play on the video. Hit continue at the bottom of the screen when you are finished with the video.",
          "videosession": {
            "videosource": "https://youtu.be/DmpB4geNCn4",
            "questions": [],
            "questiontimes": []
          },
          "deliveryparams": {
            "drill": 2000000,
            "correctprompt": 2000,
            "reviewstudy": 12000
          }
        },
        {
          "buttonorder": "random",
          "unitname": "Mental Contrasting",
          "unitinstructions": "Please watch all of the following video and answer the questions throughout the video. After submitting your answer, some feedback will appear in the middle of the screen. Please read that feedback and wait for the video to automatically continue playing. If the video does not play after the timer at the bottom of the screen runs out, please press play on the video. Hit continue at the bottom of the screen when you are finished with the video.",
          "videosession": {
            "videosource": "https://youtu.be/1eXj6rJyafI",
            "questions": [],
            "questiontimes": []
          },
          "deliveryparams": {
            "drill": 2000000,
            "correctprompt": 2000,
            "reviewstudy": 12000
          }
        },
        {
          "buttonorder": "random",
          "unitname": "Implementation Intentions",
          "unitinstructions": "Please watch all of the following video and answer the questions throughout the video. After submitting your answer, some feedback will appear in the middle of the screen. Please read that feedback and wait for the video to automatically continue playing. If the video does not play after the timer at the bottom of the screen runs out, please press play on the video. Hit continue at the bottom of the screen when you are finished with the video.",
          "videosession": {
            "videosource": "https://youtu.be/4IJfd-8HgPw",
            "questions": [],
            "questiontimes": []
          },
          "deliveryparams": {
            "drill": 2000000,
            "correctprompt": 2000,
            "reviewstudy": 12000
          }
        },
        {
          "buttonorder": "random",
          "unitname": "Achieve Your Goals II",
          "unitinstructions": "Please watch all of the following video and answer the questions throughout the video. After submitting your answer, some feedback will appear in the middle of the screen. Please read that feedback and wait for the video to automatically continue playing. If the video does not play after the timer at the bottom of the screen runs out, please press play on the video. Hit continue at the bottom of the screen when you are finished with the video.",
          "videosession": {
            "videosource": "https://youtu.be/uFxZq0IZYy0",
            "questions": [],
            "questiontimes": []
          },
          "deliveryparams": {
            "drill": 2000000,
            "correctprompt": 2000,
            "reviewstudy": 12000
          }
        },
        {
          "buttonorder": "random",
          "unitname": "Achieve Your Goals III",
          "unitinstructions": "Please watch all of the following video and answer the questions throughout the video. After submitting your answer, some feedback will appear in the middle of the screen. Please read that feedback and wait for the video to automatically continue playing. If the video does not play after the timer at the bottom of the screen runs out, please press play on the video. Hit continue at the bottom of the screen when you are finished with the video.",
          "videosession": {
            "videosource": "https://youtu.be/62Qs8KG1obI",
            "questions": [],
            "questiontimes": []
          },
          "deliveryparams": {
            "drill": 2000000,
            "correctprompt": 2000,
            "reviewstudy": 12000
          }
        }
      ]
    },
    "unit": [
      {
        "buttonorder": "random",
        "unitname": "pretest",
        "unitinstructions": "Please answer the questions about the Science of Learning on the following pages. If you do not know an answer to the question, please press the \"I don't know.\" option.",
        "adaptive": [
          "2,t",
          "3,t",
          "4,t",
          "5,t",
          "6,t",
          "7,t",
          "8,t",
          "9,t",
          "10,t",
          "11,t",
          "12,t",
          "13,t"
        ],
        "adaptiveUnitTemplate": [
          0,
          1,
          2,
          3,
          4,
          5,
          6,
          7,
          8,
          9,
          10,
          11
        ],
        "buttontrial": "true",
        "assessmentsession": {
          "randomizegroups": "false",
          "clusterlist": "0-8",
          "permutefinalresult": "0-0",
          "assignrandomclusters": "false",
          "conditiontemplatesbygroup": {
            "groupnames": "A",
            "clustersrepeated": "1",
            "templatesrepeated": "9",
            "group": [
              "0,f,t,0 0,f,t,0 0,f,t,0 0,f,t,0 0,f,t,0 0,f,t,0 0,f,t,0 0,f,t,0 0,f,t,0"
            ],
            "initialpositions": "A_1 A_2 A_3 A_4 A_5 A_6 A_7 A_8 A_9"
          }
        },
        "adaptiveLogic": {
          "2": [
            "IF NOT C0S0 THEN C9S0 AT 93",
            "IF NOT C0S0 THEN C10S0 AT 220"
          ],
          "3": [
            "IF NOT C1S0 THEN C11S0 AT 34",
            "IF NOT C0S0 OR NOT C1S0 THEN C12S0 AT 77"
          ],
          "4": [
            "IF NOT C2S0 THEN C13S0 AT 138",
            "IF NOT C2S0 THEN C14S0 AT 216"
          ],
          "5": [
            "IF NOT C3S0 THEN C15S0 AT 111",
            "IF NOT C3S0 THEN C16S0 AT 260"
          ],
          "6": [
            "IF NOT C3S0 THEN C17S0 AT 198",
            "IF NOT C3S0 THEN C18S0 AT 237",
            "IF NOT C3S0 THEN C19S0 AT 371"
          ],
          "7":[],
          "8": [
            "IF NOT C4S0 THEN C20S0 AT 155",
            "IF NOT C4S0 THEN C21S0 AT 190"
          ],
          "9": [
            "IF NOT C5S0 THEN C22S0 AT 351",
            "IF NOT C5S0 THEN C23S0 AT 279"
          ],
          "10": [
            "IF NOT C6S0 THEN C24S0 AT 165",
            "IF NOT C6S0 THEN C25S0 AT 258"
          ],
          "11": [
            "IF NOT C7S0 THEN C26S0 AT 131"
          ],
          "12": [
            "IF NOT C7S0 THEN C27S0 AT 26"
          ],
          "13": [
            "IF NOT C8S0 THEN C28S0 AT 315",
            "IF NOT C8S0 THEN C29S0 AT 183"
          ]
        },
        "deliveryparams": {
          "drill": 2000000,
          "correctprompt": 2000,
          "reviewstudy": 2000
        },
        "uiSettings": {
          "displayReviewTimeoutAsBarOrText": "false",
          "displayPerformanceDuringTrial": false,
          "displayReadyPromptTimeoutAsBarOrText": "false",
          "displayCardTimeoutAsBarOrText": false,
          "displayTimeOutDuringStudy": false,
          "displayUserAnswerAtTop": false,
          "displayPerformanceDuringStudy": false,
          "displayCorrectAnswerInCenter": false,
          "singleLineFeedback": false,
          "feedbackDisplayPosition": "bottom",
          "incorrectColor": "darkorange",
          "correctColor": "green",
          "stimuliPosition": "top",
          "displayUserAnswerInFeedback": "false",
          "onlyShowSimpleFeedback": "onCorrect"
        }
      },
      {
        "buttonorder": "random",
        "unitname": "Final",
        "unitinstructions": "<h3>Thanks!</h3><p>Your answers have been submitted. Thank you for participating in this study about the Science of Learning. Please return to the Qualtrics survey at this link: <a href='https://memphis.co1.qualtrics.com/jfe/form/SV_515GBGUMZqJqhWm'>Qualtrics Survey</a></p>",
        "countcompletion": true
      }
    ]
  }
}
