{
  "tutor": {
    "setspec": {
      "lessonname": "Adaptive Learning in Videos High School Control",
      "userselect": "true",
      "stimulusfile": "Adaptive Practice HS_SoL Questions.json",
      "experimentTarget": "static",
      "lfparameter": ".85",
      "hintsEnabled": false,
      "textToSpeechAPIKey":"1241515124",
      "speechAPIKey":"124124124",
      "tags": [
        "Experiment",
        "Video"
      ]
    },
    "unit": [
      {
        "buttonorder": "random",
        "unitname": "pretest",
        "unitinstructions": "Please answer the questions about the Science of Learning on the following pages. If you do not know an answer to the question, please press the \"I don't know.\" option.",
        "buttontrial": "true",
        "assessmentsession": {
          "randomizegroups": "false",
          "clusterlist": "0-8",
          "permutefinalresult": "0-0",
          "assignrandomclusters": "false",
          "conditiontemplatesbygroup": {
            "groupnames": "A",
            "clustersrepeated": "1",
            "templatesrepeated": "9",
            "group": [
              "0,f,t,0 0,f,t,0 0,f,t,0 0,f,t,0 0,f,t,0 0,f,t,0 0,f,t,0 0,f,t,0 0,f,t,0"
            ],
            "initialpositions": "A_1 A_2 A_3 A_4 A_5 A_6 A_7 A_8 A_9"
          }
        },
        "deliveryparams": {
          "drill": 2000000,
          "correctprompt": 2000,
          "reviewstudy": 2000
        },
        "uiSettings": {
          "displayReviewTimeoutAsBarOrText": "false",
          "displayPerformanceDuringTrial": false,
          "displayReadyPromptTimeoutAsBarOrText": "false",
          "displayCardTimeoutAsBarOrText": false,
          "displayTimeOutDuringStudy": false,
          "displayUserAnswerAtTop": false,
          "displayPerformanceDuringStudy": false,
          "displayCorrectAnswerInCenter": false,
          "singleLineFeedback": false,
          "feedbackDisplayPosition": "bottom",
          "incorrectColor": "darkorange",
          "correctColor": "green",
          "stimuliPosition": "top",
          "displayUserAnswerInFeedback": "false",
          "onlyShowSimpleFeedback": "onCorrect"
        }
      },
      {
        "buttonorder": "random",
        "unitname": "Self-Testing",
        "unitinstructions": "Please watch all of the following video and answer the questions throughout the video. After submitting your answer, some feedback will appear in the middle of the screen. Please read that feedback and wait for the video to automatically continue playing. If the video does not play after the timer at the bottom of the screen runs out, please press play on the video. Hit continue at the bottom of the screen when you are finished with the video.",
        "videosession": {
          "videosource": "https://youtu.be/i1fMzQ3uoE0",
          "questions": [9, 10],
          "questiontimes": [
            93,
            220
          ]
        },
        "deliveryparams": {
          "drill": 2000000,
          "correctprompt": 2000,
          "reviewstudy": 12000
        }
      },
      {
        "buttonorder": "random",
        "unitname": "Spacing",
        "unitinstructions": "Please watch all of the following video and answer the questions throughout the video. After submitting your answer, some feedback will appear in the middle of the screen. Please read that feedback and wait for the video to automatically continue playing. If the video does not play after the timer at the bottom of the screen runs out, please press play on the video. Hit continue at the bottom of the screen when you are finished with the video.",
        "videosession": {
          "videosource": "https://youtu.be/rTlpLnKA_8Q",
          "questions": [11, 12],
          "questiontimes": [
            34,
            77
          ]
        },
        "deliveryparams": {
          "drill": 2000000,
          "correctprompt": 2000,
          "reviewstudy": 12000
        }
      },
      {
        "buttonorder": "random",
        "unitname": "Self-Explanation",
        "unitinstructions": "Please watch all of the following video and answer the questions throughout the video. After submitting your answer, some feedback will appear in the middle of the screen. Please read that feedback and wait for the video to automatically continue playing. If the video does not play after the timer at the bottom of the screen runs out, please press play on the video. Hit continue at the bottom of the screen when you are finished with the video.",
        "videosession": {
          "videosource": "https://youtu.be/c_y5JJEVVkk",
          "questions": [13, 14],
          "questiontimes": [
            138,
            216
          ]
        },
        "deliveryparams": {
          "drill": 2000000,
          "correctprompt": 2000,
          "reviewstudy": 12000
        }
      },
      {
        "buttonorder": "random",
        "unitname": "Self-Regulated Learning",
        "unitinstructions": "Please watch all of the following video and answer the questions throughout the video. After submitting your answer, some feedback will appear in the middle of the screen. Please read that feedback and wait for the video to automatically continue playing. If the video does not play after the timer at the bottom of the screen runs out, please press play on the video. Hit continue at the bottom of the screen when you are finished with the video.",
        "videosession": {
          "videosource": "https://youtu.be/wYxoWJcBWsA",
          "questions": [15, 16],
          "questiontimes": [
            111,
            260
          ]
        },
        "deliveryparams": {
          "drill": 2000000,
          "correctprompt": 2000,
          "reviewstudy": 12000
        }
      },
      {
        "buttonorder": "random",
        "unitname": "SRL and Learning Objectives",
        "unitinstructions": "Please watch all of the following video and answer the questions throughout the video. After submitting your answer, some feedback will appear in the middle of the screen. Please read that feedback and wait for the video to automatically continue playing. If the video does not play after the timer at the bottom of the screen runs out, please press play on the video. Hit continue at the bottom of the screen when you are finished with the video.",
        "videosession": {
          "videosource": "https://youtu.be/ByTBTbOG_ms",
          "questions": [17, 18, 19],
          "questiontimes": [
            198,
            237,
            371
          ]
        },
        "deliveryparams": {
          "drill": 2000000,
          "correctprompt": 2000,
          "reviewstudy": 12000
        }
      },
      {
        "buttonorder": "random",
        "unitname": "SRL and Learning Objectives Review",
        "unitinstructions": "Please watch all of the following video. Hit continue at the bottom of the screen when you are finished with the video.",
        "videosession": {
          "videosource": "https://youtu.be/jzJaTspV5z8",
          "questions": [],
          "questiontimes": []
        }
      },
      {
        "buttonorder": "random",
        "unitname": "SRL and Goals",
        "unitinstructions": "Please watch all of the following video and answer the questions throughout the video. After submitting your answer, some feedback will appear in the middle of the screen. Please read that feedback and wait for the video to automatically continue playing. If the video does not play after the timer at the bottom of the screen runs out, please press play on the video. Hit continue at the bottom of the screen when you are finished with the video.",
        "videosession": {
          "videosource": "https://youtu.be/8Jyt9HZSe3g",
          "questions": [20, 21],
          "questiontimes": [
            155,
            190
          ]
        },
        "deliveryparams": {
          "drill": 2000000,
          "correctprompt": 2000,
          "reviewstudy": 12000
        }
      },
      {
        "buttonorder": "random",
        "unitname": "SRL and Monitoring",
        "unitinstructions": "Please watch all of the following video and answer the questions throughout the video. After submitting your answer, some feedback will appear in the middle of the screen. Please read that feedback and wait for the video to automatically continue playing. If the video does not play after the timer at the bottom of the screen runs out, please press play on the video. Hit continue at the bottom of the screen when you are finished with the video.",
        "videosession": {
          "videosource": "https://youtu.be/DmpB4geNCn4",
          "questions": [22, 23],
          "questiontimes": [
            351,
            279
          ]
        },
        "deliveryparams": {
          "drill": 2000000,
          "correctprompt": 2000,
          "reviewstudy": 12000
        }
      },
      {
        "buttonorder": "random",
        "unitname": "Mental Contrasting",
        "unitinstructions": "Please watch all of the following video and answer the questions throughout the video. After submitting your answer, some feedback will appear in the middle of the screen. Please read that feedback and wait for the video to automatically continue playing. If the video does not play after the timer at the bottom of the screen runs out, please press play on the video. Hit continue at the bottom of the screen when you are finished with the video.",
        "videosession": {
          "videosource": "https://youtu.be/1eXj6rJyafI",
          "questions": [24, 25],
          "questiontimes": [
            165,
            258
          ]
        },
        "deliveryparams": {
          "drill": 2000000,
          "correctprompt": 2000,
          "reviewstudy": 12000
        }
      },
      {
        "buttonorder": "random",
        "unitname": "Implementation Intentions",
        "unitinstructions": "Please watch all of the following video and answer the questions throughout the video. After submitting your answer, some feedback will appear in the middle of the screen. Please read that feedback and wait for the video to automatically continue playing. If the video does not play after the timer at the bottom of the screen runs out, please press play on the video. Hit continue at the bottom of the screen when you are finished with the video.",
        "videosession": {
          "videosource": "https://youtu.be/4IJfd-8HgPw",
          "questions": [26],
          "questiontimes": [
            131
          ]
        },
        "deliveryparams": {
          "drill": 2000000,
          "correctprompt": 2000,
          "reviewstudy": 12000
        }
      },
      {
        "buttonorder": "random",
        "unitname": "Achieve Your Goals II",
        "unitinstructions": "Please watch all of the following video and answer the questions throughout the video. After submitting your answer, some feedback will appear in the middle of the screen. Please read that feedback and wait for the video to automatically continue playing. If the video does not play after the timer at the bottom of the screen runs out, please press play on the video. Hit continue at the bottom of the screen when you are finished with the video.",
        "videosession": {
          "videosource": "https://youtu.be/uFxZq0IZYy0",
          "questions": [27],
          "questiontimes": [
            26
          ]
        },
        "deliveryparams": {
          "drill": 2000000,
          "correctprompt": 2000,
          "reviewstudy": 12000
        }
      },
      {
        "buttonorder": "random",
        "unitname": "Achieve Your Goals III",
        "unitinstructions": "Please watch all of the following video and answer the questions throughout the video. After submitting your answer, some feedback will appear in the middle of the screen. Please read that feedback and wait for the video to automatically continue playing. If the video does not play after the timer at the bottom of the screen runs out, please press play on the video. Hit continue at the bottom of the screen when you are finished with the video.",
        "videosession": {
          "videosource": "https://youtu.be/62Qs8KG1obI",
          "questions": [28, 29],
          "questiontimes": [
            315,
            183
          ]
        },
        "deliveryparams": {
          "drill": 2000000,
          "correctprompt": 2000,
          "reviewstudy": 12000
        }
      },
      {
        "buttonorder": "random",
        "unitname": "Final",
        "unitinstructions": "<h3>Thanks!</h3><p>Your answers have been submitted. Thank you for participating in this study about the Science of Learning. Please return to the Qualtrics survey at this link: <a href='https://memphis.co1.qualtrics.com/jfe/form/SV_515GBGUMZqJqhWm'>Qualtrics Survey</a></p>",
        "countcompletion": true
      }
    ]
  }
}
